{"cameraMode":{"drawMode":0,"name":"Shaded","section":"Shading Mode"},"sceneLighting":true,"audioPlay":false,"sceneViewState":{"m_AlwaysRefresh":false,"showFog":true,"showSkybox":true,"showFlares":true,"showImageEffects":true,"showParticleSystems":true,"showVisualEffectGraphs":true,"m_FxEnabled":true},"in2DMode":false,"pivot":{"x":0.2838270366191864,"y":1.8458671569824219,"z":-4.779599189758301},"rotation":{"x":0.3597320318222046,"y":0.22482676804065705,"z":-0.0897352546453476,"w":0.9011344909667969},"size":22.825008392333986,"orthographic":false}